UserName,Password,ConfirmPassword,FirstName,LastName,Street Address,City/State/Zip,DepartureDate,ReturnDate,CreditCard,ExpDate
jojo,bean,Password1,Optimus1,Prime1,Address1,411021,2/28/2023,01/03/2023,12341,Feb-23
jojo,bean,Password2,Optimus2,Prime2,Address2,411022,01/03/2023,02/03/2023,12342,Feb-23
jojo,bean,Password3,Optimus3,Prime3,Address3,411023,02/03/2023,03/03/2023,12343,Feb-23
jojo,bean,Password4,Optimus4,Prime4,Address4,411024,03/03/2023,04/03/2023,12344,Feb-23
jojo,bean,Password5,Optimus5,Prime5,Address5,411025,04/03/2023,05/03/2023,12345,Feb-23
jojo,bean,Password6,Optimus6,Prime6,Address6,411026,05/03/2023,06/03/2023,12346,Feb-23
jojo,bean,Password7,Optimus7,Prime7,Address7,411027,06/03/2023,07/03/2023,12347,Mar-23
jojo,bean,Password8,Optimus8,Prime8,Address8,411028,07/03/2023,08/03/2023,12348,Mar-23
jojo,bean,Password9,Optimus9,Prime9,Address9,411029,08/03/2023,09/03/2023,12349,Mar-23
jojo,bean,Password10,Optimus10,Prime10,Address10,4110210,09/03/2023,10/03/2023,123410,Mar-23
jojo,bean,Password11,Optimus11,Prime11,Address11,4110211,10/03/2023,11/03/2023,123411,Mar-23
jojo,bean,Password12,Optimus12,Prime12,Address12,4110212,11/03/2023,12/03/2023,123412,Mar-23
jojo,bean,Password13,Optimus13,Prime13,Address13,4110213,12/03/2023,3/13/2023,123413,Mar-23
jojo,bean,Password14,Optimus14,Prime14,Address14,4110214,3/13/2023,3/14/2023,123414,Mar-23
jojo,bean,Password15,Optimus15,Prime15,Address15,4110215,3/14/2023,3/15/2023,123415,Mar-23
jojo,bean,Password16,Optimus16,Prime16,Address16,4110216,3/15/2023,3/16/2023,123416,Mar-23
jojo,bean,Password17,Optimus17,Prime17,Address17,4110217,3/16/2023,3/17/2023,123417,Mar-23
jojo,bean,Password18,Optimus18,Prime18,Address18,4110218,3/17/2023,3/18/2023,123418,Mar-23
jojo,bean,Password19,Optimus19,Prime19,Address19,4110219,3/18/2023,3/19/2023,123419,Mar-23
jojo,bean,Password20,Optimus20,Prime20,Address20,4110220,3/19/2023,3/20/2023,123420,Mar-23
jojo,bean,Password21,Optimus21,Prime21,Address21,4110221,3/20/2023,3/21/2023,123421,Mar-23
jojo,bean,Password22,Optimus22,Prime22,Address22,4110222,3/21/2023,3/22/2023,123422,Mar-23
jojo,bean,Password23,Optimus23,Prime23,Address23,4110223,3/22/2023,3/23/2023,123423,Mar-23
jojo,bean,Password24,Optimus24,Prime24,Address24,4110224,3/23/2023,3/24/2023,123424,Mar-23
jojo,bean,Password25,Optimus25,Prime25,Address25,4110225,3/24/2023,3/25/2023,123425,Mar-23
jojo,bean,Password26,Optimus26,Prime26,Address26,4110226,3/25/2023,3/26/2023,123426,Mar-23
jojo,bean,Password27,Optimus27,Prime27,Address27,4110227,3/26/2023,3/27/2023,123427,Mar-23
jojo,bean,Password28,Optimus28,Prime28,Address28,4110228,3/27/2023,3/28/2023,123428,Mar-23
jojo,bean,Password29,Optimus29,Prime29,Address29,4110229,3/28/2023,3/29/2023,123429,Mar-23
jojo,bean,Password30,Optimus30,Prime30,Address30,4110230,3/29/2023,3/30/2023,123430,Mar-23
jojo,bean,Password31,Optimus31,Prime31,Address31,4110231,3/30/2023,3/31/2023,123431,Mar-23
jojo,bean,Password32,Optimus32,Prime32,Address32,4110232,3/31/2023,01/04/2023,123432,Mar-23
jojo,bean,Password33,Optimus33,Prime33,Address33,4110233,01/04/2023,02/04/2023,123433,Mar-23
jojo,bean,Password34,Optimus34,Prime34,Address34,4110234,02/04/2023,03/04/2023,123434,Mar-23
jojo,bean,Password35,Optimus35,Prime35,Address35,4110235,03/04/2023,04/04/2023,123435,Mar-23
jojo,bean,Password36,Optimus36,Prime36,Address36,4110236,04/04/2023,05/04/2023,123436,Mar-23
jojo,bean,Password37,Optimus37,Prime37,Address37,4110237,05/04/2023,06/04/2023,123437,Mar-23
jojo,bean,Password38,Optimus38,Prime38,Address38,4110238,06/04/2023,07/04/2023,123438,Apr-23
jojo,bean,Password39,Optimus39,Prime39,Address39,4110239,07/04/2023,08/04/2023,123439,Apr-23
jojo,bean,Password40,Optimus40,Prime40,Address40,4110240,08/04/2023,09/04/2023,123440,Apr-23
jojo,bean,Password41,Optimus41,Prime41,Address41,4110241,09/04/2023,10/04/2023,123441,Apr-23
jojo,bean,Password42,Optimus42,Prime42,Address42,4110242,10/04/2023,11/04/2023,123442,Apr-23
jojo,bean,Password43,Optimus43,Prime43,Address43,4110243,11/04/2023,12/04/2023,123443,Apr-23
jojo,bean,Password44,Optimus44,Prime44,Address44,4110244,12/04/2023,4/13/2023,123444,Apr-23
jojo,bean,Password45,Optimus45,Prime45,Address45,4110245,4/13/2023,4/14/2023,123445,Apr-23
jojo,bean,Password46,Optimus46,Prime46,Address46,4110246,4/14/2023,4/15/2023,123446,Apr-23
jojo,bean,Password47,Optimus47,Prime47,Address47,4110247,4/15/2023,4/16/2023,123447,Apr-23
jojo,bean,Password48,Optimus48,Prime48,Address48,4110248,4/16/2023,4/17/2023,123448,Apr-23
jojo,bean,Password49,Optimus49,Prime49,Address49,4110249,4/17/2023,4/18/2023,123449,Apr-23
